35866,7 Minutes Dead - EP
23843,Act III
88494,Against the Sun (feat. Anna Yvette)
158493,Air
74539,All on Me (feat. Gamble & Burke)
26474,Ambush
5543,Anime Bae
23055,Another Day EP
16569,Ask Your Friends First EP
42878,Astrocat EP
23048,Atlantic
60221,Automagic
261927,BADBOI
57948,Back and Forth
285008,Bassline Kickin
461083,Bassline Kickin (The Remixes)
101186,Battle Cry
232138,Believe (feat. Connor Zwetsch)
36051,Better World
32310,Black Sky EP
131771,Bleed
62084,Blossom EP
34105,Boundaries
130356,Boundless
317774,Breakdown VIP
79544,Broken Bones (feat. Cassandra Kay)
58515,Buzz Kill
1077021,Catalyst
233689,Champions (feat. Harry Brooks Jnr)
33122,Changes (feat. Holly Drummond)
289389,Cheat Codes
88436,Christian the Lion
93499,Cloud Nine
375833,Collide (The Remixes)
146114,Continuum
905448,Dance to It
28025,Daydreamer (feat. Bijou)
62884,Destination: Apollo
58094,Destination: Pinball
106256,Destination: Quantum
168968,Destination: Rain
247623,Do It
10148,Don't Forget (feat. LaMeduza)
106231,Dream Catcher
301029,Dreams EP
90041,Drink Up
176164,Drop That Child
45714,Duality
31865,Eagle Eyes (feat. Emel)
58078,Elements EP
6082,Emergency
139331,Emergency
34505,Endgame
41328,Entropy
63547,Error Code
82655,Everchanging
39378,Excellent Choice
136645,FTW
66951,Falcon Funk EP
45035,Feel Alive (feat. Charlotte Haining)
287732,Follow You (The Remixes)
443276,Follow You (feat. Danyka Nadeau)
1842397,Frame of Mind
201276,Friends EP
133286,From the Dust
360,Ghost Town
83580,Give You Back Life (Swifty Song)
39417,Green Storm
198668,Guilty Pleasures EP
165928,Gunmetal Black
12944,Halo
35911,Hands of Time (feat. Jonny Rose)
486847,Heartbeat (The Remixes)
47371,Hello EP
647098,Here It Comes
507556,Here With You Now
217758,Hero (Teminite Remix) [feat. Elizaveta]
1849889,Hero (feat. Elizaveta)
548853,Hipster Cutthroat
45104,Holding on to Sound (feat. Concept)
495296,Homebound
40032,Iceladen
220408,Impossible Things Before Breakfast
63635,Inside Out
36713,Insignia
83585,Interstellar
44612,Itvara
6026,Just Wait for It (feat. Juvon Taylor)
78071,Kaleidoscope
71244,Keep on Rocking
139177,Keeping It Surreal
30661,Let Me Out
33973,Letz Rock EP
120183,Lonely (feat. Bijou)
9340,Men & Machines [Redemption]
66368,Mirai Sekai
271388,Monstercat - 3 Year Anniversary
1358304,Monstercat - Best of 2011
2992837,Monstercat - Best of 2012
682610,"Monstercat - Best of DNB/Drumstep, Vol. 2"
567599,"Monstercat - Best of DnB/Drumstep, Vol. 1."
1446475,"Monstercat - Best of Dubstep, Vol. 1."
213244,"Monstercat - Best of Dubstep, Vol. 2"
146168,"Monstercat - Best of Electro, Vol. 2"
336647,"Monstercat - Best of Electronic Music, Vol. 1"
212555,"Monstercat - Best of House, Vol. 1"
4250021,Monstercat - The Best of 2013
59463,Monstercat - Trick or Treat EP
1050654,Monstercat 001 - Launch Week
1197951,Monstercat 002 - Early Stage
1869544,Monstercat 003 - Momentum
846149,Monstercat 004 - Identity
1703731,Monstercat 005 - Evolution
2974880,Monstercat 006 - Embrace
16481386,Monstercat 007 - Solace
2856952,Monstercat 008 - Anniversary
3750784,Monstercat 009 - Reunion
6748220,Monstercat 010 - Conquest
3435508,Monstercat 011 - Revolution
14480148,Monstercat 012 - Aftermath
5291122,Monstercat 013 - Awakening
3918479,Monstercat 014 - Discovery
1610401,Monstercat 015 - Outlook
5403193,Monstercat 016 - Expedition
3362514,Monstercat 017 - Ascension
1528453,Monstercat 018 - Frontier
551183,Monstercat 019 - Endeavour
1855303,"Monstercat Best of Electro, Vol. 1."
26437,Monstercat Podcast - Episode 001
16405,Monstercat Podcast - Episode 002
15330,Monstercat Podcast - Episode 003
20281,Monstercat Podcast EP. 004
19740,Monstercat Podcast EP. 005
18915,Monstercat Podcast EP. 006
24159,Monstercat Podcast EP. 007
18292,Monstercat Podcast EP. 008
17916,Monstercat Podcast EP. 009
13097,Monstercat Podcast EP. 010
11452,Monstercat Podcast EP. 011
15663,Monstercat Podcast EP. 012
16794,Monstercat Podcast EP. 013
16458,Monstercat Podcast EP. 014
17616,Monstercat Podcast EP. 015
21123,Monstercat Podcast EP. 016
9336,Monstercat Podcast EP. 017
10539,Monstercat Podcast EP. 018
15879,Monstercat Podcast EP. 019
14321,Monstercat Podcast EP. 020
25168,Monstercat Podcast EP. 021
10032,Monstercat Podcast EP. 022
11389,Monstercat Podcast EP. 023
11185,Monstercat Podcast EP. 024
8513,Monstercat Podcast EP. 025
10645,Monstercat Podcast EP. 026
10002,Monstercat Podcast EP. 027
10619,Monstercat Podcast EP. 028
9474,Monstercat Podcast EP. 029
9815,Monstercat Podcast EP. 030
9692,Monstercat Podcast EP. 031
1164,Monstercat Podcast EP. 032
238235,Moonlight (feat. Aloma Steele)
144689,Motionless (feat. Seri)
91862,Moving On (feat. EMEL)
23575,Native
52226,Neon
502885,New Game
347835,New Style
58697,Night After Night
97158,Old Skool (The Remixes)
11307,One Look (feat. Mammals)
94433,One Night Only (feat. Yohamna Solange)
45473,Open Hour
119389,Orbit (feat. Richard Caddock)
112341,Out on a Limb (feat. Jonny Rose)
10500,Parallax
42352,Peacock EP
79414,Perspectives EP
296245,Phosphor (feat. Miyoki)
51792,Pizza Planet
74491,Polygon EP
45346,Pounce
73915,Power Fracture
150688,Prelude EP
86676,Prism
128763,Pure Sunlight
783791,Quantum EP
457321,Rainbow Road
28240,Rat Twist
1706986,Razor Sharp
52833,Reach
89168,Real Love (feat. Danyka Nadeau)
122509,Reasons feat. Andrew Allen
581837,Renegade EP
70768,Renzokuken
127555,Savage
36359,Saviors
23821,Scorpion Pit (The Remixes)
50961,Seconds Away
262846,Secret Weapon EP
44397,Sentinel
5304,Shadow
48101,Shake It off (feat. Jeff Sontag)
36655,Shark City
130337,Skybreaker
791781,Smashing Newbs
212526,Snowblind (feat. Tasha Baxter)
221698,Soldiers
308917,Some Wobbles - EP
56695,Spection EP
53192,State of Mind (feat. in-Phase)
18343,Step up (feat. Whizzkid)
406642,Sugar Rush EP
2361048,Surface
277015,Surge
41325,Taking over (feat. Cassandra Kay)
30895,The Covenant
1586952,The Lost Tracks
6569,The Monstercat Podcast - Episode 001
4527,The Monstercat Podcast - Episode 002
3439,The Monstercat Podcast - Episode 003
303016,The Munsta
96063,The Munsta (The Remixes)
105285,The Scarlet Dawn
66604,The Takeover EP
174529,This Is Forever (feat. Danyka Nadeau)
25574,Throne
9925,Thundergun
1276197,Till It's Over
473227,Timeless EP
1486078,To the Stars
64849,Tonight (The Remixes) [feat. Danyka Nadeau]
46580,Too Late
197928,Transformations (feat. Laura Brehm)
47157,Triumph
353940,Truth (The Remixes)
1985,Turbo Penguin
85124,Turn Around
415403,Two Fold Pt.1
177344,Valkyrie (feat. Laura Brehm)
25014,Valkyrie II: Lacuna (feat. Cassandra Kay)
73807,Waking Dreams EP
134639,Wanna Know You EP
26360,War
35063,We Are the Robots (feat. Temu)
125668,We're All Mad Here EP
21412,What You Waiting For
26916,What's Going on (feat. Isabel Higuero)
13090,Wuxia
61967,You & Me
